alligatorriver,2018,,,,,
arbutuslake,2011,,,,,
arbutuslakeinlet,2018,,,,,
ashburnham,2013,2016,2020,,,
asuhighlands,,,,,,
bartlettir,2017,,,,,
bbc1,,,,,,
bbc2,,,,,,
bbc3,,,,,,
bbc4,,,,,,
bbc5,,,,,,
bbc6,,,,,,
bbc7,,,,,,
bostoncommon,,,,,,
bostonu,,,,,,
bullshoals,2014,2019,2020,,,
canadaOA,,,,,,
canadaoa2,,,,,,
caryinstitute,,,,,,
coweeta,,,,,,
donanapajarera,2018,2020,,,,
downerwoods,,,,,,
dukehw,,,,,,
freemanwood,2013,,,,,
greenridge1,2017,2019,2020,,,
harvard,,,,,,
harvardbarn,,,,,,
harvardbarn2,2020,,,,,
harvardlph,,,,,,
homesteadsprings,,,,,,
howland2,2015,,,,,
hubbardbrook,2010,2011,2017,2018,,
hubbardbrooknfws,2013,2014,,,,
lacclair,,,,,,
laurentides,2018,,,,,
macleish,,,,,,
macordway,,,,,,
millhaft,2018,,,,,
millhaft2,,,,,,
missouriozarks,,,,,,
morganmonroe,2018,2019,2020,,,
morganmonroe2,2018,,,,,
ncssm,2014,2015,,,,
NEON.D01.BART.DP1.00033,,,,,,
NEON.D01.HARV.DP1.00033,,,,,,
NEON.D02.BLAN.DP1.00033,,,,,,
NEON.D02.SCBI.DP1.00033,,,,,,
NEON.D02.SERC.DP1.00033,,,,,,
NEON.D05.STEI.DP1.00033,,,,,,
NEON.D05.UNDE.DP1.00033,,,,,,
NEON.D06.UKFS.DP1.00033,2020,,,,,
NEON.D07.GRSM.DP1.00033,,,,,,
NEON.D07.MLBS.DP1.00033,2017,,,,,
NEON.D07.ORNL.DP1.00033,,,,,,
NEON.D08.DELA.DP1.00033,,,,,,
NEON.D08.LENO.DP1.00033,2020,,,,,
NEON.D11.CLBJ.DP1.00033,,,,,,
nist,,,,,,
pace,,,,,,
proctor,,,,,,
queens,2009,2011,2014,2019,,
readingma,,,,,,
robinson,,,,,,
robinson2,,,,,,
russellsage,2015,2019,2020,,,
sanford,,,,,,
shalehillsczo,2016,,,,,
shenandoah,2010,2011,2012,2013,2014,2015
slovenia2karstsecforest,,,,,,
springfieldma,2017,,,,,
tfforest,,,,,,
tsubiology,,,,,,
turkeypointdbf,2018,2019,,,,
umichbiological,2013,,,,,
umichbiological2,,,,,,
unca,,,,,,
utwente1,,,,,,
utwente2,,,,,,
uwmfieldsta,,,,,,
willamettepoplar,2016,,,,,
willowcreek,,,,,,
worcester,2018,,,,,
asa,2013,,,,,
asa2,,,,,,
columbiamissouri,,,,,,
harvardblo,,,,,,
marcell,2020,,,,,
oakridge1,,,,,,
oakridge2,,,,,,
silaslittle,2016,,,,,
thompsonfarm2N,2010,,,,,
woodshole,2019,,,,,
boundarywaters,2007,2013,2019,2020,,